topic,question,answer
כבוד ועונג שבת,מה השכר של מי שמכבד את השבת,
כבוד ועונג שבת,מה זה עונג שבת בגוף,
כבוד ועונג שבת,חייבים לאכול ממתקים בשבת,
כבוד ועונג שבת,למה אוכלים דגים בשבת,
כבוד ועונג שבת,כמה כסף צריך להוציא על שבת,
כבוד ועונג שבת,מי שאין לו כסף חייב להוציא על שבת,
כבוד ועונג שבת,צריך לכוון כוונה מיוחדת במצוות שבת,
כבוד ועונג שבת,למה צריך שמחה בשבת,
כבוד ועונג שבת,מותר לריב בשבת,
כבוד ועונג שבת,מה זה כבוד שבת ומה זה עונג שבת,
ההכנות לשבת,מתי מתחילים להתכונן לשבת,
ההכנות לשבת,למה מכינים חלות לכבוד שבת,
ההכנות לשבת,צריך להפריש חלה מהבצק,
ההכנות לשבת,מה עושים עם החלה שהפרשתי,
ההכנות לשבת,צריך להפריש תרומות ומעשרות בערב שבת,
ההכנות לשבת,חייבים לנקות את הבית לפני שבת,
ההכנות לשבת,למה שמים מפה יפה בשבת,
ההכנות לשבת,נוהגים לשים פרחים בשבת,
ההכנות לשבת,מותר להסתפר בערב שבת,
ההכנות לשבת,מותר לגזוז ציפורניים בערב שבת,
ההכנות לשבת,צריך להתקלח לפני שבת,
ההכנות לשבת,חייבים ללכת למקווה בערב שבת,
ההכנות לשבת,צריך ללבוש בגדים מיוחדים בשבת,
ההכנות לשבת,למה לובשים לבן בשבת,
ההכנות לשבת,צריך לצחצח נעליים לשבת,
ההכנות לשבת,למה ממשמשים בכיסים לפני שבת,
ההכנות לשבת,למה צריך להיזהר ממחלוקת בערב שבת,
ההכנות לשבת,עדיף להקדים את קבלת השבת,
ההכנות לשבת,למה טועמים מהתבשילים בערב שבת,
סעודה בערב שבת,מותר לאכול סעודה גדולה בערב שבת,
סעודה בערב שבת,עד מתי אפשר לאכול לפני שבת,
סעודה בערב שבת,מותר לעשות ברית מילה בערב שבת,
סעודה בערב שבת,אפשר לעשות פדיון הבן בערב שבת,
סעודה בערב שבת,מותר לעשות בר מצווה בערב שבת,
סעודה בערב שבת,אפשר לעשות סיום מסכת בערב שבת,
סעודה בערב שבת,מותר לעשות חתונה בערב שבת,
סעודה בערב שבת,אפשר לעשות אירוסין בערב שבת,
סעודה בערב שבת,מה עושים כשתענית ציבור חלה בערב שבת,
סעודה בערב שבת,מותר להתענות תענית יחיד בערב שבת,
מלאכה בערב שבת,עד מתי מותר לעבוד בערב שבת,
מלאכה בערב שבת,מותר לעבוד בערב שבת לצורך השבת,
מלאכה בערב שבת,"מותר לכתוב סת""ם בערב שבת",
מלאכה בערב שבת,אפשר לכתוב חידושי תורה בערב שבת,
מלאכה בערב שבת,מותר להשכיר רכב לפני שבת,
מלאכה בערב שבת,אפשר להשכיר דירה למי שמחלל שבת,
מלאכה בערב שבת,מותר להשכיר חנות למי שפותח בשבת,
מלאכה בערב שבת,אפשר למכור כרטיסי טיסה לשבת,
מלאכה בערב שבת,מותר להשאיר מכונת מכירה פועלת בשבת,
מלאכה בערב שבת,אפשר להשאיר מזכירה אלקטרונית בשבת,
מלאכה בערב שבת,מותר להשאיר פקס פועל בשבת,
מלאכה בערב שבת,אפשר לקבל מיילים בשבת,
מלאכה המסתיימת בשבת,מותר להשאיר מכונת כביסה עובדת בשבת,
מלאכה המסתיימת בשבת,אפשר להפעיל שעון שבת לפני שבת,
מלאכה המסתיימת בשבת,מותר להשאיר שעון מעורר שיצלצל בשבת,
מלאכה המסתיימת בשבת,אפשר להשאיר פלאפון דלוק בשבת,
מלאכה המסתיימת בשבת,מותר להשאיר הקלטה פועלת בשבת,
מלאכה המסתיימת בשבת,אפשר להפליג בספינה שתמשיך בשבת,
מלאכה המסתיימת בשבת,מותר להשאיר מדיח כלים עובד בשבת,
מלאכה המסתיימת בשבת,אפשר להשאיר תנור עובד בשבת,
שנים מקרא ואחד תרגום,מה זה שנים מקרא ואחד תרגום,
שנים מקרא ואחד תרגום,מה המקור לקרוא תרגום,
שנים מקרא ואחד תרגום,זו חובה גמורה או מנהג,
שנים מקרא ואחד תרגום,"אפשר לקרוא רש""י במקום תרגום",
שנים מקרא ואחד תרגום,צריך לקרוא עם טעמי המקרא,
שנים מקרא ואחד תרגום,מאיזה גיל מחנכים לשנים מקרא,
שנים מקרא ואחד תרגום,מתי קוראים שנים מקרא,
שנים מקרא ואחד תרגום,מה עושים אם שכחתי לקרוא,
שנים מקרא ואחד תרגום,קוראים גם וזאת הברכה,
שנים מקרא ואחד תרגום,אפשר לקרוא מתוך ספר תורה,
שנים מקרא ואחד תרגום,מותר להפסיק באמצע הקריאה,
שנים מקרא ואחד תרגום,מי פטור משנים מקרא,
שנים מקרא ואחד תרגום,צריך לקרוא גם את ההפטרה,
הדלקת נרות,מה מצוות הדלקת נרות,
הדלקת נרות,למה מדליקים דווקא שני נרות,
הדלקת נרות,מה זה ריבוי אורה בנרות,
הדלקת נרות,מה מתפללים בזמן הדלקת הנרות,
הדלקת נרות,איך מכינים את הנרות לשבת,
הדלקת נרות,צריך להדליק רוב הפתילה,
הדלקת נרות,מה עושים עם הגפרור אחרי ההדלקה,
הדלקת נרות,צריך לכסות את הראש בהדלקת נרות,
הדלקת נרות,איפה מדליקים נרות בבית,
הדלקת נרות,כמה שמן צריך לשים בנרות,
הדלקת נרות,מותר להעביר את הנרות אחרי ההדלקה,
הדלקת נרות,הנרות כבו מה עושים,
הדלקת נרות,באיזה שמן הכי טוב להדליק,
הדלקת נרות,למה עדיף שמן זית,
הדלקת נרות,מותר להדליק נרות חשמליים,
הדלקת נרות,מי חייב בהדלקת נרות,
הדלקת נרות,גם גברים מדליקים נרות,
הדלקת נרות,מדליקים נר אחד לכל המשפחה,
הדלקת נרות,מדליקים נרות בבית מלון,
הדלקת נרות,בחור ישיבה חייב להדליק נרות,
הדלקת נרות,חייל בבסיס מדליק נרות,
הדלקת נרות,בת בפנימייה מדליקה נרות,
הדלקת נרות,שותפים בדירה כל אחד מדליק,
הדלקת נרות,אורח מדליק נרות בבית המארח,
הדלקת נרות,אפשר לשלוח שליח שידליק נרות,
הדלקת נרות,אבא שגר עם בן נשוי מי מדליק,
הדלקת נרות,ילדים לבד בבית מי מדליק,
הדלקת נרות,אישה עיוורת מדליקה נרות ומברכת,
הדלקת נרות,האם מדליקה מקבלת שבת מיד,
הדלקת נרות,מותר לנסוע אחרי הדלקת נרות,
הדלקת נרות,מותר לאכול אחרי הדלקת נרות,
הדלקת נרות,מותר להתפלל מנחה אחרי ההדלקה,
הדלקת נרות,מתי בדיוק זמן הדלקת נרות,
הדלקת נרות,למה בירושלים מדליקים ארבעים דקות לפני,
הדלקת נרות,טעיתי בזמן ההדלקה מה עושים,
הדלקת נרות,מברכים לפני ההדלקה או אחרי,
הדלקת נרות,מה בדיוק נוסח ברכת הנרות,
הדלקת נרות,שכחתי לברך על הנרות מה עושים,
הדלקת נרות,מותר להפסיק בדיבור באמצע ההדלקה,
הדלקת נרות,מותר לכבות את האור אחרי הדלקת נרות,
כניסת השבת,מה זה תוספת שבת,
כניסת השבת,כמה זמן צריך להוסיף לפני שבת,
כניסת השבת,מותר לעשות מלאכה אחרי תוספת שבת,
כניסת השבת,כל אחד מקבל שבת לעצמו,
כניסת השבת,מותר לאכול אחרי שקיבלתי שבת,
כניסת השבת,מה זה בין השמשות,
כניסת השבת,מותר להשתמש לאור הנר בשבת,
כניסת השבת,מותר לקרוא לאור נר בשבת,
כניסת השבת,מותר להשתמש לאור החשמל בשבת,
בית כנסת ותפילות ליל שבת,מי מכין את בית הכנסת לשבת,
בית כנסת ותפילות ליל שבת,מתי מדליקים את התאורה בבית הכנסת,
בית כנסת ותפילות ליל שבת,מותר להביא ילדים קטנים לבית הכנסת,
בית כנסת ותפילות ליל שבת,מתי מתפללים ערבית בשבת,
בית כנסת ותפילות ליל שבת,מה זה קבלת שבת,
בית כנסת ותפילות ליל שבת,למה אומרים שיר השירים לפני שבת,
בית כנסת ותפילות ליל שבת,למה אומרים במה מדליקין,
בית כנסת ותפילות ליל שבת,למה אומרים לכה דודי ובואי כלה,
בית כנסת ותפילות ליל שבת,למה אומרים ויכולו,
בית כנסת ותפילות ליל שבת,מה זה ברכת מעין שבע,
בית כנסת ותפילות ליל שבת,עד מתי אפשר לענות קדושה,
טעויות בתפילת שבת,טעיתי והתפללתי תפילת חול בשבת,
טעויות בתפילת שבת,שליח ציבור שטעה בתפילה מה עושה,
טעויות בתפילת שבת,טעיתי בערבית של שבת,
טעויות בתפילת שבת,טעיתי במנחה של שבת,
טעויות בתפילת שבת,התפללתי מוסף במקום ערבית,
טעויות בתפילת שבת,התפללתי תפילת שבת במקום מוסף,
טעויות בתפילת שבת,טעיתי במוסף של שבת ראש חודש,
טעויות בתפילת שבת,מה זה תפילת תשלומין,
שולחן שבת,איפה שמים את שולחן שבת,
שולחן שבת,צריך כלים מיוחדים לשבת,
שולחן שבת,מתי עורכים את השולחן,
שולחן שבת,למה מנשקים ידי הורים בשבת,
שולחן שבת,למה אומרים שלום עליכם,
שולחן שבת,למה אומרים אשת חיל,
שולחן שבת,מה זה אזמר בשבחין,
קידוש ליל שבת,קידוש הוא מהתורה או מדרבנן,
קידוש ליל שבת,מותר לטעום לפני הקידוש,
קידוש ליל שבת,נשים חייבות בקידוש,
קידוש ליל שבת,ילדים קטנים חייבים בקידוש,
קידוש ליל שבת,עד מתי אפשר לקדש בליל שבת,
קידוש ליל שבת,איזה כוס צריך לקידוש,
קידוש ליל שבת,כמה יין צריך בכוס הקידוש,
קידוש ליל שבת,איזה יין כשר לקידוש,
קידוש ליל שבת,מותר לקדש על מיץ ענבים,
קידוש ליל שבת,מותר לקדש בישיבה או בעמידה,
קידוש ליל שבת,כמה צריך לשתות מכוס הקידוש,
קידוש ליל שבת,אין לי יין מה עושים,
קידוש ליל שבת,אין יין ואין לחם מה עושים,
קידוש ליל שבת,מה זה קידוש במקום סעודה,
קידוש ליל שבת,כמה זמן אפשר לחכות בין קידוש לסעודה,
קידוש ליל שבת,מותר לצאת החוצה בין הקידוש לסעודה,
קידוש ליל שבת,חולה שלא יכול לשתות יין מה עושה,
קידוש ליל שבת,אפשר לצאת ידי חובה בקידוש של אחר,
לחם משנה,למה שתי חלות בשבת,
לחם משנה,למה מכסים את החלות,
לחם משנה,החלות צריכות להיות שלמות,
לחם משנה,אפשר להשתמש בחלות דבוקות,
לחם משנה,אפשר לעשות לחם משנה ממצה או עוגה,
לחם משנה,אפשר להשתמש בלחם קפוא,
לחם משנה,אישה חייבת בלחם משנה,
לחם משנה,איך בוצעים את החלה,
לחם משנה,למה טובלים חלה במלח,
סעודות שבת,איך נוטלים ידיים בשבת,
סעודות שבת,מותר לאכול בשר אחרי דגים,
סעודות שבת,חייבים לשתות יין בסעודה,
סעודות שבת,מותר לאכול גלידה לקינוח בשבת,
סעודות שבת,מותר לאכול עוגה בסעודת שבת,
סעודות שבת,למה מכסים את הסכין בברכת המזון,
סעודות שבת,שכחתי רצה והחליצנו מה עושים,
סעודות שבת,מותר להזמין משפחה שלא שומרת שבת,
סעודות שבת,מה זה מאה ברכות בשבת,
סעודות שבת,איך משלימים מאה ברכות בשבת,
סעודות שבת,מברכים על בשמים בשבת,
סעודות שבת,מה מברכים על קינוח אחרי הסעודה,
סדר הלילה,מה קוראים בליל שבת,
סדר הלילה,מה זה שירת הבקשות,
סדר הלילה,מותר לישון הרבה בשבת,
סדר הלילה,מותר לאכול לפני עמוד השחר בשבת,
סדר הלילה,מה זה תענית חלום ומתי עושים,
שחרית ומוסף,מותר לאכול לפני תפילת שחרית בשבת,
שחרית ומוסף,עד מתי אפשר להתפלל שחרית בשבת,
שחרית ומוסף,מה זה טלית נאה,
שחרית ומוסף,מי שמאחר לתפילה מה עושה,
שחרית ומוסף,נשים חייבות בתפילת מוסף,
שחרית ומוסף,מותר לצאת מבית הכנסת באמצע,
שחרית ומוסף,מתי אומרים מזמור שיר ליום השבת,
קריאת התורה,למה מוכרים מצוות בבית הכנסת,
קריאת התורה,מותר לדבר בזמן קריאת התורה,
קריאת התורה,מי יכול לעלות לתורה,
קריאת התורה,קטן יכול לעלות לתורה,
קריאת התורה,אין כהן או לוי מה עושים,
קריאת התורה,מי שמחלל שבת יכול לעלות לתורה,
קריאת התורה,כמה עולים יש בשבת,
קריאת התורה,מה זה הגבהה וגלילה,
קריאת התורה,למה אומרים בריך שמיה,
קריאת התורה,מותר לעלות פעמיים לתורה,
קריאת התורה,מה הדין של ההפטרה,
קריאת התורה,קוראים הפטרה מקלף או מחומש,
קריאת התורה,מותר לדבר בזמן ההפטרה,
קריאת התורה,אפשר לעלות לתורה לעילוי נשמה,
קידוש היום,מה זה קידושא רבה,
קידוש היום,למה תיקנו קידוש ביום,
קידוש היום,מותר לטעום לפני קידוש הבוקר,
קידוש היום,אין יין לקידוש הבוקר מה עושים,
קידוש היום,מי שלא יודע לקדש מה עושה,
סדר יום השבת,מתי אוכלים סעודה שנייה,
סדר יום השבת,מה זה תבלין של שבת,
סדר יום השבת,למה אוכלים ביצה בחמין,
סדר יום השבת,אכלתי עוגה וסעדתי אחרי חצות מה הדין,
סדר יום השבת,למה כדאי ללמוד תורה בשבת,
סדר יום השבת,מה השכר של חידושי תורה בשבת,
מנחה וסעודה שלישית,מה מתפללים במנחה של שבת,
מנחה וסעודה שלישית,למה אומרים ואני תפילתי,
מנחה וסעודה שלישית,מה זה צדקתך צדק,
מנחה וסעודה שלישית,סעודה שלישית זו חובה,
מנחה וסעודה שלישית,מתי אוכלים סעודה שלישית,
מנחה וסעודה שלישית,מה אוכלים בסעודה שלישית,
מנחה וסעודה שלישית,אפשר לעשות סעודה שלישית בבית הכנסת,
מנחה וסעודה שלישית,שכחתי רצה בסעודה שלישית,
מנחה וסעודה שלישית,עד מתי אפשר לאכול סעודה שלישית,
מנחה וסעודה שלישית,מותר לעשות מלאכה אחרי סעודה שלישית,
צאת השבת והבדלה,מתי בדיוק יוצאת שבת,
צאת השבת והבדלה,מה זה זמן רבנו תם,
צאת השבת והבדלה,מתי מתפללים ערבית במוצאי שבת,
צאת השבת והבדלה,מה זה אתה חוננתנו,
צאת השבת והבדלה,מה עושים אם שכחתי אתה חוננתנו,
צאת השבת והבדלה,מתי אומרים ויהי נועם,
צאת השבת והבדלה,הבדלה היא מהתורה,
צאת השבת והבדלה,מותר לעשות מלאכה לפני הבדלה,
צאת השבת והבדלה,מותר לאכול לפני הבדלה,
צאת השבת והבדלה,אפשר להבדיל בבית הכנסת,
צאת השבת והבדלה,אפשר להוציא את בני הבית בהבדלה,
צאת השבת והבדלה,נשים חייבות בהבדלה,
צאת השבת והבדלה,מבדילים בישיבה או בעמידה,
צאת השבת והבדלה,איזה כוס צריך להבדלה,
צאת השבת והבדלה,מה סדר ההבדלה,
צאת השבת והבדלה,אין לי יין להבדלה מה עושים,
צאת השבת והבדלה,על מה מברכים בשמים,
צאת השבת והבדלה,למה מברכים על הנר בהבדלה,
צאת השבת והבדלה,מותר להפסיק באמצע ההבדלה,
צאת השבת והבדלה,אפשר להבדיל בלי בשמים ונר,
צאת השבת והבדלה,עד מתי אפשר להבדיל,
צאת השבת והבדלה,למה מסתכלים בציפורניים בהבדלה,
צאת השבת והבדלה,עיוור מברך על הנר,
סעודה רביעית,מה זה סעודה רביעית,
סעודה רביעית,סעודה רביעית זו חובה,
סעודה רביעית,נשים חייבות בסעודה רביעית,
סעודה רביעית,מתי אוכלים סעודה רביעית,
סעודה רביעית,מה אוכלים בסעודה רביעית,
סעודה רביעית,מה זה מלווה מלכה,
השמעת קול,מותר לנגן בכלי נגינה בשבת,
השמעת קול,מותר לשיר בפה בשבת,
השמעת קול,מותר למחוא כפיים ולרקוד בשבת,
השמעת קול,מותר לצלצל בפעמון בשבת,
השמעת קול,מותר לדפוק בדלת בשבת,
טבילת כלים,מותר לטבול כלים בשבת,
טבילת כלים,קניתי כלי חדש ורוצה להשתמש בו בשבת,
הכנה משבת לחול,מה זה איסור הכנה משבת לחול,
הכנה משבת לחול,מותר לשטוף כלים בשבת אחרי הסעודה האחרונה,
הכנה משבת לחול,מותר לסדר את השולחן במוצאי שבת בעודו שבת,
הכנה משבת לחול,מותר לסדר מיטות בשבת,
הכנה משבת לחול,מותר להפשיר אוכל בשבת ליום ראשון,
הכנה משבת לחול,מותר להחזיר אוכל למקפיא בשבת,
הכנה משבת לחול,מותר ללבוש פיג'מה בשבת מבעוד יום,
הכנה משבת לחול,מותר להחזיר ספרים למקומם בשבת,
הכנה משבת לחול,מותר לגלול ספר תורה בשבת לקריאה של אחר כך,
הכנה משבת לחול,מותר לישון בשבת בשביל מוצאי שבת,
הליכה וריצה,מותר לרוץ בשבת,
הליכה וריצה,מותר להתעמל בשבת,
הליכה וריצה,מותר לדלג על שלולית בשבת,
הליכה וריצה,מותר לרכוב על אופניים בשבת,
הליכה וריצה,מותר לעשות כושר בשבת,
דיבורים בשבת,מותר לחשוב על ענייני חול בשבת,
דיבורים בשבת,מותר לומר שאסע למקום מסוים אחרי שבת,
דיבורים בשבת,מותר לומר שאעשה מלאכה במוצאי שבת,
דיבורים בשבת,מותר לחשב הוצאות בשבת,
דיבורים בשבת,מותר לשאול כמה עולה משהו,
דיבורים בשבת,איך מבקשים חפץ בשבת בלי להזכיר מחיר,
דיבורים בשבת,מותר לתבוע חוב בשבת,
דיבורים בשבת,מותר לדבר דברים בטלים בשבת,
דיבורים בשבת,מותר לצעוק על ילדים בשבת,
דיבורים בשבת,מותר לבקש בקשות אישיות בתפילת שבת,
דיבורים בשבת,מותר להוכיח מישהו שמחלל שבת,
דיבורים בשבת,מה עונים לנהג שנוסע בשבת,
דיבורים בשבת,מותר לנחם אבלים בשבת,
דיבורים בשבת,מותר לבכות בשבת,
דיבורים בשבת,מותר לבקר חולים בשבת,
דיבורים בשבת,מותר לומר רפואה שלמה בשבת,
קריאה בשבת,מותר לקרוא מכתבי חול בשבת,
קריאה בשבת,מותר לקרוא כרטיסי ברכה בשבת,
קריאה בשבת,מותר לקרוא עיתון בשבת,
קריאה בשבת,מותר לקרוא עלונים בבית הכנסת,
קריאה בשבת,מותר לקרוא ספרי היסטוריה בשבת,
קריאה בשבת,מותר ללמוד לימודי חול בשבת,
קריאה בשבת,מותר לקרוא ספרי רפואה בשבת,
קריאה בשבת,מותר לקרוא ספר בישול בשבת,
קריאה בשבת,מותר לקרוא דברים מצערים בשבת,
קריאה בשבת,מותר להסתכל בתמונות בשבת,
קריאה בשבת,מותר לקרוא קומיקס בשבת,
קריאה בשבת,מותר לקרוא הזמנה לחתונה בשבת,
קריאה בשבת,מותר לקרוא קבלות בשבת,
קריאה בשבת,מותר לקרוא על בחירות בשבת,
עיסוק בצורכי חול,מותר למדוד משהו בשבת,
עיסוק בצורכי חול,מותר לתכנן שיפוצים בשבת,
עיסוק בצורכי חול,מותר לחשוב על עסקים בשבת,
עיסוק בצורכי חול,מותר לראות דירה בשבת,
עיסוק בצורכי חול,מותר לספור כסף בשבת,
עיסוק בצורכי חול,מותר לעסוק בצורכי מצווה בשבת,
"מבוא לל""ט מלאכות","מה המקור בתורה לל""ט מלאכות",
"מבוא לל""ט מלאכות",למה דווקא שלושים ותשע מלאכות,
"מבוא לל""ט מלאכות",מה זה אבות ותולדות,
"מבוא לל""ט מלאכות",מה העונש על חילול שבת,
"מבוא לל""ט מלאכות",מה הדין אם חיללתי שבת בשוגג,
"מבוא לל""ט מלאכות",מה עושים אם חיללתי שבת במזיד,
"מבוא לל""ט מלאכות",איך עושים תשובה על חילול שבת,
זורע,מותר לזרוק גרעינים בגינה בשבת,
זורע,מותר לפתוח חלון ליד צמחים בשבת,
זורע,מותר להזיז עציץ בשבת,
זורע,מותר לתלוש עלה מעציץ,
זורע,מותר להשקות בשבת,
זורע,מותר לפתוח ברז בגינה בשבת,
זורע,מים מהכיור נשפכים לגינה מה עושים,
זורע,מותר להפעיל טפטפות בשבת,
זורע,מותר לשים פרחים במים בשבת,
חורש,מותר לגרור חפץ כבד על אדמה בשבת,
חורש,מותר לדחוף עגלת תינוק על חול,
חורש,מותר לטאטא על אדמה בשבת,
חורש,מותר לטאטא רצפה מרוצפת בשבת,
חורש,מותר לשחק בגולות בשבת,
חורש,מותר לחפור בשבת,
קוצר,מותר לתלוש מעציץ בשבת,
קוצר,מותר לשכב על דשא בשבת,
קוצר,מותר ללכת על דשא בשבת,
קוצר,מותר לעלות על עץ בשבת,
קוצר,נתקע לי חפץ בעץ מה עושים,
קוצר,מותר להריח פרח מחובר לקרקע,
קוצר,מותר לקטוף עשבים בשבת,
קוצר,קוצים נתפסו בבגד מה עושים,
מעמר,מה זה מלאכת מעמר,
מעמר,מותר לאסוף פירות שנפלו בגינה,
מעמר,מותר לאסוף חפצים שהתפזרו בשבת,
מעמר,מותר לאסוף אוכל לצלחת בשבת,
דש וסחיטה,מותר לקלף בוטנים בשבת,
דש וסחיטה,מותר לחלוב פרה בשבת,
דש וסחיטה,מותר לסחוט זיתים וענבים בשבת,
דש וסחיטה,מותר לסחוט לימון בשבת,
דש וסחיטה,מותר לסחוט תפוזים בשבת,
דש וסחיטה,מותר להשתמש במסחטה בשבת,
דש וסחיטה,מותר למצוץ מיץ מפרי בפה,
דש וסחיטה,מותר לשים סוכר על אשכולית,
דש וסחיטה,מיץ שיצא מעצמו מותר לשתות,
דש וסחיטה,מותר לסחוט מלפפון חמוץ בשבת,
דש וסחיטה,מותר לרסק קרח בשבת,
דש וסחיטה,מותר לשים משקה על קוביות קרח,
דש וסחיטה,מותר להשתמש במגבונים לחים בשבת,
דש וסחיטה,מותר להשתמש במגב בשבת,
זורה,מה זה מלאכת זורה,
זורה,מותר להשתמש בספריי בשבת,
זורה,מותר לרסס בושם בשבת,
זורה,מותר לרסס מטהר אוויר בשבת,
בורר,מה ההגדרה של מלאכת בורר,
בורר,מותר לברור בשביל אחרים בשבת,
בורר,מותר לברור אוכל לבעלי חיים,
בורר,מותר לברור עם כלי בשבת,
בורר,מה זה לאלתר ולכמה זמן,
בורר,מותר לברור מוקדם בשביל אורחים,
בורר,יש שני סוגי אוכל בצלחת מותר להפריד,
בורר,מותר להוציא פסולת מתוך אוכל,
בורר,מותר לברור בתוך מין אחד,
בורר,מותר לברור נוזל בשבת,
בורר,מותר לברור תוך כדי אכילה,
בורר,יש תולעת בפרי מה עושים,
בורר,מותר לקלף פירות בשבת,
בורר,מותר לקלף ביצה בשבת,
בורר,מותר להוציא גרעין מפרי,
בורר,מותר להוציא ענבים מהאשכול,
בורר,מותר להפריד עלי חסה,
בורר,מותר לשטוף פירות בשבת,
בורר,מותר להסיר עטיפה ותווית בשבת,
בורר,"מותר למיין סכו""ם בשבת",
בורר,מותר למיין ספרים בשבת,
בורר,מותר לסדר בגדים בארון בשבת,
בורר,מותר להוציא עצמות מדג בשבת,
טוחן,מותר לחתוך ירקות דק דק בשבת,
טוחן,מותר להשתמש בפומפייה בשבת,
טוחן,מותר להשתמש במקצץ ביצים,
טוחן,מותר להשתמש בסלייסר בשבת,
טוחן,מותר לרסק פירות וירקות בשבת,
טוחן,מה זה אין טוחן אחר טוחן,
טוחן,מותר לכתוש מלח גס בשבת,
טוחן,מותר לרסק בננה לתינוק בשבת,
לש,מותר להוסיף מיץ לבננה מרוסקת,
לש,מותר לערבב רוטב בתבשיל בשבת,
לש,מותר להכין סלט ביצים בשבת,
לש,מותר להכין כבד קצוץ בשבת,
לש,מותר לערבב אגוזים בדבש,
לש,מותר לערבב שמן ולימון בסלט,
לש,מותר להכין מיונז בשבת,
לש,מותר לטרוף ביצה בשבת,
לש,מותר להכין קפה הפוך בשבת,
לש,מותר להכין מטרנה לתינוק בשבת,
לש,מותר להכין חילבה בשבת,
לש,מותר לערבב טחינה בשבת,
לש,מותר להכין ג'לי בשבת,
לש,מותר להדביק שיניים תותבות בשבת,
גוזז,מותר לתלוש שערה בשבת,
גוזז,מותר להסתרק במסרק בשבת,
גוזז,מותר להשתמש במברשת רכה בשבת,
גוזז,מותר לסדר את השיער ביד בשבת,
גוזז,מותר להסיר פלסטר בשבת,
גוזז,מותר לגזוז ציפורניים בשבת,
גוזז,מותר לתלוש עור יבש מהשפה,
מלבן,מותר לכבס בגד בשבת,
מלבן,מותר לתלות כביסה בשבת,
מלבן,מותר לתלות בגד רטוב ליד תנור,
מלבן,מותר לנער בגד ממים בשבת,
מלבן,מותר לנער בגד מאבק בשבת,
מלבן,מותר להשתמש במברשת בגדים,
מלבן,מותר לשפשף כתם בבגד,
מלבן,מותר לנקות נעלי עור בשבת,
מלבן,מותר לנקות בגד ניילון בשבת,
מלבן,מותר לשטוף מוצץ בשבת,
מלבן,מותר לנקות מפת ניילון בשבת,
מלבן,מותר לנקות משקפיים בשבת,
צובע,מותר לצחצח נעליים בשבת,
צובע,מותר להתאפר בשבת,
צובע,מותר לשים פודרה בשבת,
צובע,מותר לאכול רימון או סלק שצובעים,
צובע,מותר לשים צמר גפן על פצע שמדמם,
צובע,מותר לצבוע אוכל בשבת,
צובע,מותר להרכיב משקפי שמש בשבת,
צובע,מותר להשתמש בסבוניה לאסלה,
קושר ומתיר,אילו קשרים אסורים בשבת,
קושר ומתיר,אילו קשרים מותרים בשבת,
קושר ומתיר,מותר לקשור שני קשרים בשבת,
קושר ומתיר,מותר לקשור מטפחת ראש בשבת,
קושר ומתיר,מה זה קשר עניבה,
קושר ומתיר,מותר לקשור עניבה בשבת,
קושר ומתיר,מותר להתיר קשר בשבת,
קושר ומתיר,מותר לפתוח בקבוק שמפניה בשבת,
קושר ומתיר,מותר לכרוך גומייה בשבת,
קושר ומתיר,מותר לפתוח אזיקון בשבת,
קושר ומתיר,מותר לקשור שרוכים בשבת,
תופר וקורע,מותר להשתמש בסיכת ביטחון בשבת,
תופר וקורע,מותר לסגור רוכסן בשבת,
תופר וקורע,מותר להדביק ניירות בשבת,
תופר וקורע,מותר להשתמש בטיטולים בשבת,
תופר וקורע,מותר להדביק מדבקה בשבת,
תופר וקורע,מותר להשתמש בסקוטש בשבת,
תופר וקורע,מותר לקרוע נייר טישו בשבת,
תופר וקורע,מותר להפריד דפים דבוקים בשבת,
תופר וקורע,מותר לקרוע צמר גפן בשבת,
תופר וקורע,מותר לפתוח שקית מזון בשבת,
תופר וקורע,מותר להוציא חוט תפור מהעוף,
צידה ושוחט,מותר לסגור תיבה שיש בה זבובים,
צידה ושוחט,מותר לצוד יתוש בשבת,
צידה ושוחט,מותר לתפוס תרנגול בשבת,
צידה ושוחט,מותר לשים מלכודת עכברים בשבת,
צידה ושוחט,ציפור נכנסה לבית מה עושים,
צידה ושוחט,מותר להרוג יתוש בשבת,
צידה ושוחט,מותר להרוג נחש בשבת,
צידה ושוחט,מותר להרוג עכבר בשבת,
צידה ושוחט,מותר להרוג נמלים בשבת,
צידה ושוחט,מותר להרוג חרקים באסלה,
צידה ושוחט,מותר להוציא דם בשבת,
ממחק,מה זה מלאכת ממרח,
ממחק,מותר למרוח משחה על פצע בשבת,
ממחק,מותר להשתמש בדאודורנט בשבת,
ממחק,מותר למרוח חמאה או ממרח על לחם,
ממחק,מותר למרוח משחה לתינוק בשבת,
כותב ומוחק,מה זה כתיבה מתקיימת,
כותב ומוחק,מותר לכתוב במים או באדים בשבת,
כותב ומוחק,מותר לחבר אותיות בשבת,
כותב ומוחק,מותר לחרוט סימן בציפורן,
כותב ומוחק,מותר ללמוד ליד כלי כתיבה בשבת,
כותב ומוחק,מותר להגיה ספר בשבת,
כותב ומוחק,מותר ללכת עם נעליים שיש עליהן כיתוב,
כותב ומוחק,מותר להרטיב שעון דיגיטלי בשבת,
כותב ומוחק,מותר לחתוך עוגה שכתוב עליה,
כותב ומוחק,מותר למחוק כתב מהיד בשבת,
כותב ומוחק,מותר לנקות עם נייר כתוב,
בונה וסותר,מותר לתקוע מסמר בשבת,
בונה וסותר,מותר לחפור בבית בשבת,
בונה וסותר,מותר להחזיר מזוזה למקומה בשבת,
בונה וסותר,מותר לכסות בור בשבת,
בונה וסותר,מותר לפתוח חדר נעול בשבת,
בונה וסותר,מותר לקלוע צמה בשבת,
בונה וסותר,מותר לשים ג'ל על השיער בשבת,
אוהל ומחיצה,מה זה אוהל עראי בשבת,
אוהל ומחיצה,מותר לפרוס וילון בשבת,
אוהל ומחיצה,מותר להוסיף על אוהל קיים,
אוהל ומחיצה,מה זה טפח פתוח,
אוהל ומחיצה,מותר לפתוח עגלת תינוק בשבת,
אוהל ומחיצה,מותר לפרוס טלית על ראשי הילדים,
אוהל ומחיצה,מותר לפרוס טלית על ספר תורה,
אוהל ומחיצה,מותר לפתוח מטרייה בשבת,
אוהל ומחיצה,מותר לפתוח מיטה מתקפלת בשבת,
אוהל ומחיצה,מותר להעמיד חופה בשבת,
אוהל ומחיצה,מותר להרכיב שולחן מתקפל בשבת,
תיקוני כלים,מותר להחזיר ידית לדלת בשבת,
תיקוני כלים,מותר להחזיר דלת ארון שנפלה,
תיקוני כלים,מותר להחזיר מגירה למקומה,
תיקוני כלים,מותר להגביה סטנדר בשבת,
תיקוני כלים,מותר להבריג מכסה מלחייה בשבת,
תיקוני כלים,מותר להרכיב גביע חד פעמי,
תיקוני כלים,מותר לשים פתיל צף בשבת,
תיקוני כלים,מותר לכוון משקפת בשבת,
תיקוני כלים,מותר למלא שעון בשבת,
תיקוני כלים,מותר להזיז מחוגי שעון בשבת,
תיקוני כלים,מותר להחזיר עדשה למשקפיים,
תיקוני כלים,מותר לשים עדשות מגע בנוזל,
תיקוני כלים,מותר לקלף שעווה מכתב,
תיקוני כלים,מותר לעשות זר פרחים בשבת,
תיקוני כלים,מותר לפתוח קופסת שימורים בשבת,
תיקוני כלים,מותר לפתוח בקבוק בשבת,
תיקוני כלים,מותר לפתוח פחית בשבת,
תיקוני כלים,מותר להפריד גביעי אשל,
תיקוני כלים,מותר להפריד שקיות תה,
תיקוני כלים,מותר להשתמש במתקן חלב בשבת,
תיקוני בגדים,מותר להשחיל גומי במכנס בשבת,
תיקוני בגדים,מותר להשחיל שרוך בנעל חדשה,
תיקוני בגדים,מותר להחזיר אבזם לחגורה,
תיקוני בגדים,מותר להצר מידת כובע בשבת,
תיקוני בגדים,מותר לקפל טלית בשבת,
תיקוני בגדים,מותר לפתוח שסע בגב החליפה,
תיקוני בגדים,מותר להפריד זוג גרביים מחוברים,
תיקוני בגדים,מותר להוציא תווית משרוול,
מכבה,מותר לכבות מנורה חשמלית בשבת,
מכבה,מותר לכבות אש כשיש חשש נזק,
מכבה,יש חוטי חשמל קרועים מה עושים,
מכבה,מותר לקרוא לכבאים בשבת,
מכבה,מה זה גרם כיבוי,
מכבה,מותר לבקש מגוי לכבות בשבת,
מכבה,מותר לכבות נר שמפריע לשינה,
מבעיר,מותר לשים נרות ליד חלון פתוח,
מבעיר,מותר לגעת בנר שמן דלוק,
מבעיר,האם חשמל זו הבערה,
מבעיר,מותר להפעיל משאבה חשמלית בשבת,
מבעיר,המנורה במקרר נדלקת מה עושים,
מבעיר,מותר לתת לילד קטן לפתוח מקרר,
מבעיר,ספק אם המנורה תידלק מה עושים,
מבעיר,מותר לסגור מקרר בשבת,
מבעיר,מה הדין של חשמל סטטי בשבת,
מבעיר,עברתי ליד מצלמה ונצלמתי בשבת,
מבעיר,עברתי ונדלק אור אוטומטי,
מבעיר,מותר להשתמש באינטרקום בשבת,
מכה בפטיש,מותר להפריד ציציות שהסתבכו,
מכה בפטיש,מותר להכניס כרית לציפית בשבת,
מכה בפטיש,מותר לנפח מזרן גומי בשבת,
מכה בפטיש,מותר לפתוח סתימה בשבת,
מכה בפטיש,מותר לחדד עיפרון בשבת,
הוצאה ורשויות,מה הן רשויות השבת,
הוצאה ורשויות,מה זה עירוב ואיך הוא עובד,
הוצאה ורשויות,איך יודעים אם יש עירוב בעיר שלי,
הוצאה ורשויות,מותר לצאת עם מפתח בשבת,
הוצאה ורשויות,מותר לצאת עם משקפיים בשבת,
הוצאה ורשויות,מותר לצאת עם שעון יד בשבת,
הוצאה ורשויות,מותר לשאת ילד בשבת בלי עירוב,
הוצאה ורשויות,מותר לקחת עגלה לבית כנסת,
הוצאה ורשויות,מותר לצאת עם תרופות ביד,
הוצאה ורשויות,מותר לקחת סידור לבית כנסת,
הוצאה ורשויות,מותר לצאת עם ארנק בכיס,
תחום שבת,מה זה תחום שבת,
תחום שבת,כמה רחוק מותר ללכת בשבת,
תחום שבת,מותר לצאת מהעיר בשבת,
תחום שבת,מה זה עירוב תחומין,
תחום שבת,איך מודדים אלפיים אמה,
בישול,מה ההבדל בין אופה למבשל,
בישול,מה נחשב גמר בישול,
בישול,מותר לבשל בחשמל בשבת,
בישול,מה זה תולדות האור,
בישול,מותר לבשל בשמש בשבת,
בישול,מותר להשתמש בדוד שמש בשבת,
בישול,מותר להשתמש בבוילר בשבת,
בישול,מה זה כלי ראשון,
בישול,מותר לערות מכלי ראשון בשבת,
בישול,מה זה עילאה גבר ותתאה גבר,
בישול,מותר לערות לכוס רטובה,
בישול,מותר להכין קפה עם חלב בשבת,
בישול,מה זה כלי שני,
בישול,מותר לשים דבר יבש בכלי שני,
בישול,מותר להכניס מצקת לסיר בשבת,
בישול,מה זה קלי בישול,
בישול,מותר לשים סוכרזית בכוס חמה,
בישול,מותר לשים עלי נענע בתה,
בישול,מותר לשים פלח לימון בתה,
בישול,מותר לשים תבלינים באוכל חם,
בישול,מותר לשים שקית תה בכוס,
אין בישול אחר בישול,מה זה אין בישול אחר בישול,
אין בישול אחר בישול,מה ההבדל בין תבשיל יבש לתבשיל לח,
אין בישול אחר בישול,מותר לחמם סופגנייה עם ריבה,
אין בישול אחר בישול,מותר לחמם מרק מבושל בשבת,
אין בישול אחר בישול,מותר לחמם מים שכבר רתחו,
אין בישול אחר בישול,מותר לחמם לחם בשבת,
אין בישול אחר בישול,מותר לשים שקדי מרק במרק חם,
אין בישול אחר בישול,מותר לשים קרוטונים במרק,
אין בישול אחר בישול,מותר לחמם צנימים בשבת,
אין בישול אחר בישול,מותר לחמם פיצוחים בשבת,
אין בישול אחר בישול,מותר להכין נס קפה בשבת,
אין בישול אחר בישול,מותר לשים סוכר בכוס חמה,
אין בישול אחר בישול,מותר לכסות סיר בשבת,
אין בישול אחר בישול,מה זה מגיס ולמה זה אסור,
אין בישול אחר בישול,מותר לערבב סיר על הפלטה,
אין בישול אחר בישול,טפטף לי על הפלטה מה עושים,
אין בישול אחר בישול,מותר להוסיף מים לחמין בשבת,
אין בישול אחר בישול,מה עושים אם החמין עומד להישרף,
אין בישול אחר בישול,מותר לשים ביצה רכה בחמין,
השהייה והטמנה,מותר להשאיר סיר על אש גלויה בשבת,
השהייה והטמנה,מה זה אש מכוסה,
השהייה והטמנה,מותר להשתמש בפלטה חשמלית בשבת,
השהייה והטמנה,מותר להשתמש בתנור חשמלי בשבת,
השהייה והטמנה,מותר לאפות בשעון שבת,
השהייה והטמנה,מותר לפתוח את התנור בשבת,
השהייה והטמנה,מה זה הטמנה,
השהייה והטמנה,מותר להטמין סיר בשבת,
השהייה והטמנה,מתי מותר להטמין,
השהייה והטמנה,מה זה הטמנה חלקית,
השהייה והטמנה,מותר להטמין חלה בשבת,
השהייה והטמנה,מותר להשתמש בסיר לבישול איטי בשבת,
השהייה והטמנה,מותר להטמין דבר קר,
השהייה והטמנה,מותר לשים מים בתרמוס בשבת,
השהייה והטמנה,מותר לעטוף אוכל בנייר כסף בשבת,
השהייה והטמנה,מותר לשים אוכל על המיחם,
החזרת תבשיל,מותר להחזיר סיר לפלטה בשבת,
החזרת תבשיל,מותר להעביר תבשיל לפלטה אחרת,
החזרת תבשיל,מותר להחזיר תבשיל לתנור חשמלי,
החזרת תבשיל,מותר להחזיר תבשיל לתנור בשעון שבת,
הנאה ממעשה שבת,מותר ליהנות ממלאכה שנעשתה בשבת,
הנאה ממעשה שבת,מה ההבדל בין מזיד לשוגג במעשה שבת,
הנאה ממעשה שבת,מותר לאכול במסעדה שפתוחה בשבת,
הנאה ממעשה שבת,הורים שמחללים שבת מותר לאכול אצלם,
הנאה ממעשה שבת,מישהו הדליק רדיו מותר לשמוע,
הנאה ממעשה שבת,מישהו הדליק אור מותר להשתמש בו,
הנאה ממעשה שבת,נדלק אור בחדר מדרגות מותר לעלות,
הנאה ממעשה שבת,מישהו כיבה אור מותר ליהנות,
הנאה ממעשה שבת,תיקנו קצר חשמלי בשבת מותר להשתמש,
הנאה ממעשה שבת,הייתה הפסקת חשמל שתוקנה בשבת,
הנאה ממעשה שבת,הביאו אוכל ברכב בשבת מותר לאכול,
הנאה ממעשה שבת,מישהו פתח מקרר באיסור מותר לקחת,
כבישה והכנת מאכלים,מה זה איסור כבישה בשבת,
כבישה והכנת מאכלים,מותר לשים מלח על ירקות בשבת,
כבישה והכנת מאכלים,מותר להכין חמוצים בשבת,
כבישה והכנת מאכלים,מותר להשרות צימוקים במים בשבת,
כבישה והכנת מאכלים,מותר להכין סודה בשבת,
כבישה והכנת מאכלים,מותר להכין לימונדה בשבת,
כבישה והכנת מאכלים,מותר להכין קצף בקפה,
כבישה והכנת מאכלים,מותר להכין קוביות קרח בשבת,
כבישה והכנת מאכלים,מותר לייפות מאכל בשבת,
רחיצה וצחצוח שיניים,מותר להתרחץ במים חמים בשבת,
רחיצה וצחצוח שיניים,מותר להתרחץ במים פושרים בשבת,
רחיצה וצחצוח שיניים,מותר להתרחץ במים קרים בשבת,
רחיצה וצחצוח שיניים,מותר לטבול במקווה בשבת,
רחיצה וצחצוח שיניים,מותר לרחוץ את רוב הגוף בשבת,
רחיצה וצחצוח שיניים,מותר להתרחץ אם מצטער מהחום,
רחיצה וצחצוח שיניים,מותר לרחוץ ילדים קטנים בשבת,
רחיצה וצחצוח שיניים,מותר להשתמש בסבון בשבת,
רחיצה וצחצוח שיניים,מותר לשים בושם בשבת,
רחיצה וצחצוח שיניים,מותר לצחצח שיניים בשבת,
שכר שבת ומקח וממכר,מה זה שכר שבת,
שכר שבת ומקח וממכר,מה זה תשלום בהבלעה,
שכר שבת ומקח וממכר,מותר להשכיר דירה לשבת,
שכר שבת ומקח וממכר,מותר לקבל שכר על דבר מצווה בשבת,
שכר שבת ומקח וממכר,למה אסור לקנות ולמכור בשבת,
שכר שבת ומקח וממכר,מותר לקנות לצורך מצווה בשבת,
שכר שבת ומקח וממכר,מותר להתרים כסף בשבת,
שכר שבת ומקח וממכר,מותר לקחת מצרכים מהחנות בשבת,
שכר שבת ומקח וממכר,מותר להיכנס לחנות שפתוחה בשבת,
מתנה בשבת,מותר לתת מתנה בשבת,
מתנה בשבת,מותר לתת מתנה לצורך מצווה,
מתנה בשבת,מותר לפתוח מתנה בשבת,
מתנה בשבת,מותר למחול על חוב בשבת,
מוקצה - כללי,מה זה מוקצה ולמה אסרו אותו,
מוקצה - כללי,מה זה טלטול מן הצד,
מוקצה - כללי,מה זה טלטול בגופו,
מוקצה - כללי,מותר לגעת במוקצה בלי להזיז,
מוקצה - כללי,מה עושים אם מוקצה נשאר לי ביד,
מוקצה - כללי,מה סוגי המוקצה,
כלי שמלאכתו לאיסור,מה זה כלי שמלאכתו לאיסור,
כלי שמלאכתו לאיסור,מותר להזיז כלי אסור לצורך מקומו,
כלי שמלאכתו לאיסור,מותר להזיז כלי שלא יתקלקל,
כלי שמלאכתו לאיסור,מותר להזיז כלי שלא ייגנב,
כלי שמלאכתו לאיסור,מה זה טלטול אגב היתר,
כלי שמלאכתו לאיסור,מותר להזיז מוקצה לכבוד אורחים,
כלי שמלאכתו לאיסור,יש דליפת גז מה עושים בשבת,
כלי שמלאכתו לאיסור,מותר להזיז אולר בשבת,
כלי שמלאכתו לאיסור,מותר להזיז מאוורר בשבת,
כלי שמלאכתו לאיסור,מותר להשתמש בשמיכה חשמלית בשבת,
כלי שמלאכתו לאיסור,מותר להזיז מכשיר אדים בשבת,
כלי שמלאכתו לאיסור,מותר להזיז סיגריות בשבת,
כלי שמלאכתו לאיסור,מותר להזיז בגד שעטנז בשבת,
כלי שמלאכתו לאיסור,מותר לחלק קופות צדקה בשבת,
מוקצה מחמת חסרון כיס,מה זה מוקצה מחמת חסרון כיס,
מוקצה מחמת חסרון כיס,מותר להזיז מחברת ריקה בשבת,
מוקצה מחמת חסרון כיס,מותר להזיז כלים יקרים בשבת,
מוקצה מחמת חסרון כיס,מותר להזיז כלי פסח בשבת,
מוקצה מחמת חסרון כיס,מותר להזיז פמוטים בשבת,
מוקצה מחמת חסרון כיס,מותר להזיז סחורה בשבת,
מוקצה מחמת חסרון כיס,מותר להזיז אתרוגים בשבת,
מוקצה מחמת חסרון כיס,מותר להזיז מצה שמורה בשבת,
מוקצה מחמת חסרון כיס,כוס זכוכית עומדת ליפול מה עושים,
מוקצה מחמת גופו,מה זה מוקצה מחמת גופו,
מוקצה מחמת גופו,מותר להזיז קליפות וגרעינים בשבת,
מוקצה מחמת גופו,מותר להזיז עצמות מהצלחת,
מוקצה מחמת גופו,מותר להזיז קליפות ביצים,
מוקצה מחמת גופו,מותר להזיז מאכלים אסורים בשבת,
מוקצה מחמת גופו,מותר להזיז חול בשבת,
מוקצה מחמת גופו,מותר להזיז שברי כלים בשבת,
מוקצה מחמת גופו,מותר להזיז כלי חד פעמי משומש,
מוקצה מחמת גופו,מותר להזיז כלים שהתפרקו,
מוקצה מחמת גופו,מותר להזיז בעלי חיים בשבת,
מוקצה מחמת גופו,ילד קטן מחזיק מוקצה מה עושים,
מוקצה מחמת גופו,מה זה גרף של רעי,
מוקצה מחמת גופו,מותר להזיז דבר מאוס בשבת,
כלי שמלאכתו להיתר,מה זה כלי שמלאכתו להיתר,
כלי שמלאכתו להיתר,מותר להזיז סולם בשבת,
כלי שמלאכתו להיתר,מותר להזיז אוכל בשבת,
כלי שמלאכתו להיתר,מותר להזיז תרופות בשבת,
כלי שמלאכתו להיתר,מותר להזיז ספר טלפונים בשבת,
כלי שמלאכתו להיתר,מותר להזיז ספרי קודש בשבת,
כלי שמלאכתו להיתר,מותר להזיז מזוזה בשבת,
כלי שמלאכתו להיתר,מותר להזיז תפילין בשבת,
כלי שמלאכתו להיתר,מותר להזיז שעון יד בשבת,
כלי שמלאכתו להיתר,מותר להזיז אופניים בשבת,
ביטול כלי מהיכנו ובסיס,מה זה ביטול כלי מהיכנו,
ביטול כלי מהיכנו ובסיס,מותר לשים משהו בפח אשפה בשבת,
ביטול כלי מהיכנו ובסיס,מה זה בסיס לדבר האסור,
ביטול כלי מהיכנו ובסיס,שולחן שיש עליו מוקצה מותר להזיז,
ביטול כלי מהיכנו ובסיס,צרור מפתחות עם מוקצה מה עושים,
ביטול כלי מהיכנו ובסיס,פמוטים על השולחן מה עושים,
ביטול כלי מהיכנו ובסיס,בגדים התייבשו בשבת מותר לקחת,
נולד,מה זה איסור נולד,
נולד,מותר להשתמש בגשם ושלג שירדו בשבת,
נולד,מותר להשתמש במי מזגן,
נולד,מותר לשים דלי מתחת לצינור מזגן,
משחקים לילדים,מותר לתת משחקים לילד בשבת,
משחקים לילדים,מותר לשחק באבני פלא בשבת,
משחקים לילדים,מותר לנפח בלון בשבת,
משחקים לילדים,מותר לתת כלי נגינה לתינוק בשבת,
משחקים לילדים,מותר לשחק ברכבת צעצוע בשבת,
משחקים לילדים,מותר לשחק בארגז חול בשבת,
משחקים לילדים,מותר להרכיב פאזל בשבת,
משחקים לילדים,מותר לקפוץ בחבל בשבת,
משחקים לילדים,מותר להתנדנד בנדנדה בשבת,
משחקים לילדים,מותר לשחק בכדור בשבת,
בעלי חיים,מותר לרכוב על בהמה בשבת,
בעלי חיים,מותר לטלטל בעלי חיים בשבת,
בעלי חיים,מותר לגעת בכלב בשבת,
בעלי חיים,עיוור עם כלב נחייה בשבת,
בעלי חיים,מותר לקיים שילוח הקן בשבת,
בעלי חיים,מותר להכניס בעלי חיים לכלוב,
בעלי חיים,מותר להאכיל בעלי חיים בשבת,
בעלי חיים,מותר להאכיל חתולי רחוב בשבת,
בעלי חיים,מותר לטפל באקווריום בשבת,
בעלי חיים,מותר להוציא דג מת מהאקווריום,
בעלי חיים,מותר להעביר את הדגים לצל,
פיקוח נפש,מה זה וחי בהם,
פיקוח נפש,מי שמזדרז להציל בשבת נקרא משובח,
פיקוח נפש,מה זה חסיד שוטה בפיקוח נפש,
פיקוח נפש,מה עושים בספק סכנה בשבת,
פיקוח נפש,מותר להדליק תאורה גדולה לצורך חולה,
פיקוח נפש,טיפול שאפשר לדחות למוצאי שבת,
פיקוח נפש,מה הדין של גוסס בשבת,
פיקוח נפש,מותר לחלל שבת על סכנה עתידית,
פיקוח נפש,כאב פנימי חזק מה עושים,
פיקוח נפש,יש סכנה לאיבר מה עושים,
פיקוח נפש,נשברה יד או נשמטה מה עושים,
פיקוח נפש,מחלת עיניים בשבת מה עושים,
פיקוח נפש,איבוד נוזלים בשבת מה עושים,
פיקוח נפש,נפצעתי מברזל בשבת,
פיקוח נפש,הכיש אותי נחש בשבת,
פיקוח נפש,עקצה אותי דבורה בשבת,
פיקוח נפש,נשך אותי כלב בשבת,
פיקוח נפש,מותר להקל כאבים בשבת,
פיקוח נפש,מישהו נסגר בחדר מה עושים,
פיקוח נפש,ילד אבד בשבת מה עושים,
פיקוח נפש,הייתה תאונת דרכים בשבת,
פיקוח נפש,מותר לחלל שבת בשביל חולה גוי,
פיקוח נפש,מותר להתקשר לרופא בשבת,
פיקוח נפש,מותר לנסוע עם רופא בשבת,
פיקוח נפש,מותר ללוות חולה לבית חולים,
פיקוח נפש,מותר לשלם לרופא בשבת,
פיקוח נפש,המנורה ברכב נדלקת מה עושים,
פיקוח נפש,צריך לציית לחוקי תנועה בנסיעת פיקוח נפש,
פיקוח נפש,מותר לכבות את הרכב אחרי ההצלה,
פיקוח נפש,מותר לחזור הביתה ברכב אחרי הצלה,
פיקוח נפש,איך נכנסים לבית חולים בשבת,
פיקוח נפש,מותר לכתוב מרשם בשבת,
פיקוח נפש,חלפה הסכנה מה עושים,
פיקוח נפש,מותר לבקר קרובים בבית חולים בשבת,
פיקוח נפש,מותר לקבוע ניתוח ליום שישי,
יולדת,מעוברת שמרגישה לא טוב בשבת,
יולדת,מתי יולדת נחשבת יולדת לעניין שבת,
יולדת,מותר לנסוע לבית חולים ליולדת בשבת,
יולדת,עדיף לעשות מלאכות בשינוי ליולדת,
יולדת,יש בית חולים קרוב יותר מה עושים,
יולדת,מותר לנסוע עם נהג גוי ליולדת,
יולדת,מותר לבעל ללוות את היולדת בשבת,
יולדת,איך מונעים חילולי שבת מיותרים בלידה,
יולדת,פסקו הצירים מה עושים,
יולדת,מותר לקבל אפידורל בשבת,
יולדת,מה הדין בשלושה ימים ראשונים אחרי לידה,
יולדת,מה הדין עד שבעה ימים אחרי לידה,
יולדת,מה הדין עד שלושים יום אחרי לידה,
יולדת,מותר לשאוב חלב אם בשבת,
יולדת,יש עודף חלב מה עושים,
יולדת,תינוק שלא יונק ישירות מה עושים,
יולדת,מותר להשתמש במשאבה חשמלית בשבת,
יולדת,אישה שהפילה מה הדין בשבת,
חולה שאין בו סכנה,מי נחשב חולה שאין בו סכנה,
חולה שאין בו סכנה,אילו מלאכות מותרות לחולה בשבת,
חולה שאין בו סכנה,מה זה גזירת שחיקת סממנים,
חולה שאין בו סכנה,מותר לקחת תרופות בשבת,
חולה שאין בו סכנה,מותר לפתוח אריזת גלולות בשבת,
חולה שאין בו סכנה,אדם בריא מותר לו לקחת כדורים,
חולה שאין בו סכנה,מותר לאכול מאכל בריאות בשבת,
חולה שאין בו סכנה,יש לי כאב שיניים בשבת מה עושים,
חולה שאין בו סכנה,כאבי חניכיים בשבת מה עושים,
חולה שאין בו סכנה,כאבי גב בשבת מה עושים,
חולה שאין בו סכנה,יש לי עצירות בשבת מה עושים,
חולה שאין בו סכנה,מותר לטפל בטחורים בשבת,
חולה שאין בו סכנה,מותר לשים טיפות עיניים בשבת,
חולה שאין בו סכנה,מותר להשתמש בבקבוק מים חמים בשבת,
חולה שאין בו סכנה,מותר לשים תחבושת בשבת,
חולה שאין בו סכנה,יש לי נקע בשבת מה עושים,
חולה שאין בו סכנה,מותר לשים פלסטר בשבת,
חולה שאין בו סכנה,יש מוגלה בפצע מה עושים,
חולה שאין בו סכנה,אני מצונן בשבת מה מותר,
חולה שאין בו סכנה,יש לי אסטמה מה מותר בשבת,
חולה שאין בו סכנה,מותר להתעמל בשבת מסיבה רפואית,
חולה שאין בו סכנה,מותר לעשות עיסוי בשבת,
חולה שאין בו סכנה,מותר להיות בדיאטה בשבת,
חולה שאין בו סכנה,מותר להשתזף בשמש בשבת,
חולה שאין בו סכנה,מותר למדוד חום ולחץ דם בשבת,
חולה שאין בו סכנה,יש לי חום גבוה בשבת מה עושים,
חולה שאין בו סכנה,מותר לעשות צילום רנטגן בשבת,
חולה שאין בו סכנה,מותר להשתמש במכשיר אדים בשבת,
חולה שאין בו סכנה,מותר לעצור דימום בשבת,
חולה שאין בו סכנה,מותר למנוע נפיחות בשבת,
חולה שאין בו סכנה,מותר לקבל זריקה בשבת,
חולה שאין בו סכנה,מותר לבקש מגוי לעשות מלאכה לחולה,
חולה שאין בו סכנה,מה זה בישולי גויים,
חולה שאין בו סכנה,מותר להשתמש במעלית שבת,
ברית מילה בשבת,ברית מילה דוחה שבת,
ברית מילה בשבת,מה עושים אם אין מוהל ביישוב,
ברית מילה בשבת,תינוק חולה דוחים את הברית,
ברית מילה בשבת,ברית שנדחתה לפני שבת מה הדין,
ברית מילה בשבת,תינוק שנולד בניתוח קיסרי מתי הברית,
ברית מילה בשבת,תינוק שנולד מהול מה הדין,
ברית מילה בשבת,ספק אם נולד בשבת מה עושים,
ברית מילה בשבת,מאיזו שעה מלים בשבת,
ברית מילה בשבת,מה מותר להכין למילה בשבת,
ברית מילה בשבת,מותר להוציא כלי מילה לרשות הרבים,
ברית מילה בשבת,מותר להשתמש במחט הפרדה בשבת,
ברית מילה בשבת,מותר לשים עפר אחרי המילה,
ברית מילה בשבת,מה הדין של מציצת הדם בשבת,
ברית מילה בשבת,מותר לטלטל כלי מילה בשבת,
ברית מילה בשבת,מותר לתלוש בשמים לברכה,
ברית מילה בשבת,איך עושים קידוש בסעודת ברית בשבת,
משטרה וצבא,חייל צריך לשאול רב על חילול שבת,
משטרה וצבא,מותר לסרב פקודה שיש בה חילול שבת,
משטרה וצבא,מותר למסור פרטים אישיים בשבת,
משטרה וצבא,גנב נכנס לבית בשבת מה עושים,
משטרה וצבא,מותר להזעיק משטרה על גניבה בשבת,
משטרה וצבא,תפסו גנב בשבת מה עושים,
משטרה וצבא,פרצה מריבה בשבת מה עושים,
משטרה וצבא,יש חשד למחבלים מה עושים,
משטרה וצבא,מותר להודיע למשפחות נפגעים בשבת,
אמירה לגוי,מה זה אמירה לגוי שבות,
אמירה לגוי,מותר לומר לגוי בבין השמשות,
אמירה לגוי,מותר ליהנות ממלאכת גוי בשבת,
אמירה לגוי,גוי הדליק אור לצורך עצמו מותר ליהנות,
אמירה לגוי,גוי הדליק אור בשבילי מה הדין,
אמירה לגוי,מחיתי בגוי והוא עשה בכל זאת,
אמירה לגוי,מותר ליהנות ממלאכת גוי לצורך מצווה,
אמירה לגוי,מה זה תוספת הנאה ממלאכת גוי,
אמירה לגוי,מותר לומר לגוי אחרי שבת למה לא עשית,
אמירה לגוי,מה זה בכדי שיעשו,
אמירה לגוי,מותר לומר לגוי דבר שנוי במחלוקת,
אמירה לגוי,מה זה שבות דשבות במקום מצווה,
אמירה לגוי,מותר לומר לגוי בשביל הכנסת אורחים,
אמירה לגוי,מותר לומר לגוי בשביל עונג שבת,
אמירה לגוי,מותר לומר לגוי לצורך מצווה דרבנן,
אמירה לגוי,מותר לומר לגוי במקום הפסד מרובה,
אמירה לגוי,מותר לומר לגוי לעשות בשינוי,
אמירה לגוי,מותר לומר לשני גויים לעשות יחד,
אמירה לגוי,מותר לומר לגוי שיאמר לגוי אחר,
אמירה לגוי,מותר לומר לגוי לעשות מלאכה לחולה,
אמירה לגוי,מותר לומר לגוי להדליק תנור חימום,
אמירה לגוי,מותר לומר לגוי במקום צער בעלי חיים,
אמירה לגוי,מותר לומר לגוי לצורך מצווה של רבים,
אמירה לגוי,מותר לומר לגוי לטלטל מוקצה,
אמירה לגוי,יש קצר חשמלי בבית מה עושים,
אמירה לגוי,מותר לשלם לגוי על עבודה בשבת,
אמירה לגוי,מותר להזמין חליפה מחייט גוי בערב שבת,
אמירה לגוי,מותר למסור רכב למוסך בערב שבת,
אמירה לגוי,מותר להשכיר כלים לגוי לשבת,
אמירה לגוי,מותר להשכיר מונית לגוי בשבת,
יסודות והשקפה,למה שומרים שבת,
יסודות והשקפה,איפה כתוב בתורה לשמור שבת,
יסודות והשקפה,מה זה זכור ושמור,
יסודות והשקפה,מה הקשר בין שבת לבריאת העולם,
יסודות והשקפה,מה הקשר בין שבת ליציאת מצרים,
יסודות והשקפה,למה שבת נקראת אות בין ה' לעם ישראל,
יסודות והשקפה,מה זה מעין עולם הבא,
יסודות והשקפה,מה זה נשמה יתרה,
יסודות והשקפה,למה שבת נחשבת החשובה שבמצוות,
יסודות והשקפה,למה שבת ביום השביעי דווקא,
יסודות והשקפה,מה מקבלים בזכות שמירת שבת,
יסודות והשקפה,מי חמור יותר גנב או מחלל שבת,
יסודות והשקפה,למה יש הבדלים במנהגים בין עדות,
יסודות והשקפה,מה ההבדל בין אשכנז לספרד בשבת,
יסודות והשקפה,למה רב אחד מתיר ורב אחר אוסר,
יסודות והשקפה,אני רוצה להתחיל לשמור שבת מאיפה מתחילים,
יסודות והשקפה,איך שומרים שבת כשהמשפחה לא שומרת,
יסודות והשקפה,איך שומרים שבת בעבודה,
יסודות והשקפה,מה אומרים למעסיק שדורש לעבוד בשבת,
יסודות והשקפה,מה עושים אם חיללתי שבת,
יסודות והשקפה,אפשר לשמור חצי שבת,
יסודות והשקפה,איך מסבירים לילד למה אסור בשבת,
יסודות והשקפה,מאיזה גיל ילד חייב בשמירת שבת,
יסודות והשקפה,שבת בבית מלון מה עושים,
יסודות והשקפה,"שבת בחו""ל עם הפרשי שעות",
יסודות והשקפה,נתקעתי בדרך לפני שבת מה עושים,
